--Tabla HOSPITAL
INSERT INTO HOSPITAL VALUES ('Provincial', '0 Donell 50', '964-4264', 502);
INSERT INTO HOSPITAL VALUES ('General', 'Atocha s/n', '595-3111', 987);
INSERT INTO HOSPITAL VALUES ('La Paz', 'Castellana 1000', '923-5411', 412);
INSERT INTO HOSPITAL VALUES ('San Carlos', 'Ciudad Universitaria', '597-1500', 845);

--Tabla PLANTA
INSERT INTO PLANTA VALUES (1, 'Provincial', 'Cardiología');
INSERT INTO PLANTA VALUES (2, 'Provincial', 'Ginecología');
INSERT INTO PLANTA VALUES (3, 'Provincial', 'Pediatría');
INSERT INTO PLANTA VALUES (4, 'Provincial', 'Urología');
INSERT INTO PLANTA VALUES (5, 'Provincial', 'Psiquiatría');
INSERT INTO PLANTA VALUES (1, 'General', 'Cardiología');
INSERT INTO PLANTA VALUES (2, 'General', 'Ginecología');
INSERT INTO PLANTA VALUES (3, 'General', 'Pediatría');
INSERT INTO PLANTA VALUES (4, 'General', 'Urología');
INSERT INTO PLANTA VALUES (5, 'General', 'Psiquiatría');
INSERT INTO PLANTA VALUES (1, 'La Paz', 'Cardiología');
INSERT INTO PLANTA VALUES (2, 'La Paz', 'Ginecología');
INSERT INTO PLANTA VALUES (3, 'La Paz', 'Pediatría');
INSERT INTO PLANTA VALUES (4, 'La Paz', 'Urología');
INSERT INTO PLANTA VALUES (5, 'La Paz', 'Psiquiatría');
INSERT INTO PLANTA VALUES (1, 'San Carlos', 'Cardiología');
INSERT INTO PLANTA VALUES (2, 'San Carlos', 'Ginecología');
INSERT INTO PLANTA VALUES (3, 'San Carlos', 'Pediatría');
INSERT INTO PLANTA VALUES (4, 'San Carlos', 'Urología');
INSERT INTO PLANTA VALUES (5, 'San Carlos', 'Psiquiatría');

--Tabla HABITACION
INSERT INTO HABITACION VALUES ('Provincial', '110', 23);
INSERT INTO HABITACION VALUES ('Provincial', '120', 22);
INSERT INTO HABITACION VALUES ('Provincial', '130', 24);
INSERT INTO HABITACION VALUES ('Provincial', '140', 23);
INSERT INTO HABITACION VALUES ('Provincial', '150', 23);
INSERT INTO HABITACION VALUES ('Provincial', '210', 23);
INSERT INTO HABITACION VALUES ('Provincial', '220', 23);
INSERT INTO HABITACION VALUES ('Provincial', '230', 24);
INSERT INTO HABITACION VALUES ('Provincial', '240', 22);
INSERT INTO HABITACION VALUES ('Provincial', '250', 22);
INSERT INTO HABITACION VALUES ('Provincial', '310', 25);
INSERT INTO HABITACION VALUES ('Provincial', '320', 22);
INSERT INTO HABITACION VALUES ('Provincial', '330', 22);
INSERT INTO HABITACION VALUES ('Provincial', '340', 22);
INSERT INTO HABITACION VALUES ('Provincial', '350', 23);
INSERT INTO HABITACION VALUES ('Provincial', '410', 23);
INSERT INTO HABITACION VALUES ('Provincial', '420', 23);
INSERT INTO HABITACION VALUES ('Provincial', '430', 23);
INSERT INTO HABITACION VALUES ('Provincial', '440', 23);
INSERT INTO HABITACION VALUES ('Provincial', '450', 23);
INSERT INTO HABITACION VALUES ('General', '110', 23);
INSERT INTO HABITACION VALUES ('General', '120', 22);
INSERT INTO HABITACION VALUES ('General', '130', 24);
INSERT INTO HABITACION VALUES ('General', '140', 23);
INSERT INTO HABITACION VALUES ('General', '150', 23);
INSERT INTO HABITACION VALUES ('General', '210', 23);
INSERT INTO HABITACION VALUES ('General', '220', 23);
INSERT INTO HABITACION VALUES ('General', '230', 24);
INSERT INTO HABITACION VALUES ('General', '240', 22);
INSERT INTO HABITACION VALUES ('General', '250', 22);
INSERT INTO HABITACION VALUES ('General', '310', 25);
INSERT INTO HABITACION VALUES ('General', '320', 22);
INSERT INTO HABITACION VALUES ('General', '330', 22);
INSERT INTO HABITACION VALUES ('General', '340', 22);
INSERT INTO HABITACION VALUES ('General', '350', 23);
INSERT INTO HABITACION VALUES ('General', '410', 23);
INSERT INTO HABITACION VALUES ('General', '420', 23);
INSERT INTO HABITACION VALUES ('General', '430', 23);
INSERT INTO HABITACION VALUES ('General', '440', 23);
INSERT INTO HABITACION VALUES ('General', '450', 23);
INSERT INTO HABITACION VALUES ('La Paz', '110', 23);
INSERT INTO HABITACION VALUES ('La Paz', '120', 22);
INSERT INTO HABITACION VALUES ('La Paz', '130', 24);
INSERT INTO HABITACION VALUES ('La Paz', '140', 23);
INSERT INTO HABITACION VALUES ('La Paz', '150', 23);
INSERT INTO HABITACION VALUES ('La Paz', '210', 23);
INSERT INTO HABITACION VALUES ('La Paz', '220', 23);
INSERT INTO HABITACION VALUES ('La Paz', '230', 24);
INSERT INTO HABITACION VALUES ('La Paz', '240', 22);
INSERT INTO HABITACION VALUES ('La Paz', '250', 22);
INSERT INTO HABITACION VALUES ('La Paz', '310', 26);
INSERT INTO HABITACION VALUES ('La Paz', '320', 22);
INSERT INTO HABITACION VALUES ('La Paz', '330', 22);
INSERT INTO HABITACION VALUES ('La Paz', '340', 22);
INSERT INTO HABITACION VALUES ('La Paz', '350', 23);
INSERT INTO HABITACION VALUES ('La Paz', '410', 23);
INSERT INTO HABITACION VALUES ('La Paz', '420', 23);
INSERT INTO HABITACION VALUES ('La Paz', '430', 23);
INSERT INTO HABITACION VALUES ('La Paz', '440', 23);
INSERT INTO HABITACION VALUES ('La Paz', '450', 23);
INSERT INTO HABITACION VALUES ('San Carlos', '110', 23);
INSERT INTO HABITACION VALUES ('San Carlos', '120', 22);
INSERT INTO HABITACION VALUES ('San Carlos', '130', 24);
INSERT INTO HABITACION VALUES ('San Carlos', '140', 23);
INSERT INTO HABITACION VALUES ('San Carlos', '150', 23);
INSERT INTO HABITACION VALUES ('San Carlos', '210', 23);
INSERT INTO HABITACION VALUES ('San Carlos', '220', 23);
INSERT INTO HABITACION VALUES ('San Carlos', '230', 24);
INSERT INTO HABITACION VALUES ('San Carlos', '240', 22);
INSERT INTO HABITACION VALUES ('San Carlos', '250', 22);
INSERT INTO HABITACION VALUES ('San Carlos', '310', 26);
INSERT INTO HABITACION VALUES ('San Carlos', '320', 22);
INSERT INTO HABITACION VALUES ('San Carlos', '330', 22);
INSERT INTO HABITACION VALUES ('San Carlos', '340', 22);
INSERT INTO HABITACION VALUES ('San Carlos', '350', 23);
INSERT INTO HABITACION VALUES ('San Carlos', '410', 23);
INSERT INTO HABITACION VALUES ('San Carlos', '420', 23);
INSERT INTO HABITACION VALUES ('San Carlos', '430', 23);
INSERT INTO HABITACION VALUES ('San Carlos', '440', 23);
INSERT INTO HABITACION VALUES ('San Carlos', '450', 23);

--Tabla EMPLEADO
INSERT INTO EMPLEADO VALUES ('111-A', 'Provincial', 'Doctor', 'M', 1400);
INSERT INTO EMPLEADO VALUES ('222-B', 'San Carlos', 'Doctor', 'M', 1400);
INSERT INTO EMPLEADO VALUES ('444-D', 'La Paz', 'Doctor', 'T', 1400);
INSERT INTO EMPLEADO VALUES ('999-I', 'La Paz', 'Doctor', 'T', 1400);
INSERT INTO EMPLEADO VALUES ('666-F', 'San Carlos', 'Doctor', 'M', 1400);
INSERT INTO EMPLEADO VALUES ('112-J', 'San Carlos', 'Doctor', 'N', 1400);
INSERT INTO EMPLEADO VALUES ('113-K', 'General', 'Doctor', 'M', 1400);
INSERT INTO EMPLEADO VALUES ('114-L-G', 'La Paz', 'Interno', 'M', 1050);
INSERT INTO EMPLEADO VALUES ('777-G', 'San Carlos', 'Interno', 'M', 1050);
INSERT INTO EMPLEADO VALUES ('115-M', 'Provincial', 'Cirujano', 'T', 1500);
INSERT INTO EMPLEADO VALUES ('116-N', 'Provincial', 'Interno', 'M', 1050);
INSERT INTO EMPLEADO VALUES ('333-C', 'Provincial', 'Cirujano', 'N', 1500);
INSERT INTO EMPLEADO (DNI_Empleado,Nombre_Hospital_fk3,Turno,Salario) VALUES ('555-E', 'La Paz', 'T', 1200);
INSERT INTO EMPLEADO (DNI_Empleado,Nombre_Hospital_fk3,Turno,Salario) VALUES ('888-H', 'San Carlos', 'N', 1200);
INSERT INTO EMPLEADO (DNI_Empleado,Nombre_Hospital_fk3,Turno,Salario) VALUES ('117-O', 'La Paz', 'M', 1200);
INSERT INTO EMPLEADO (DNI_Empleado,Nombre_Hospital_fk3,Turno,Salario) VALUES ('118-P', 'General', 'N', 1200);

--Tabla DOCTOR
INSERT INTO DOCTOR VALUES (435, '111-A', 'Cardiología');
INSERT INTO DOCTOR VALUES (585, '222-B', 'Ginecología');
INSERT INTO DOCTOR VALUES (982, '444-D', 'Cardiología');
INSERT INTO DOCTOR VALUES (453, '999-I', 'Pediatría');
INSERT INTO DOCTOR VALUES (398, '666-F', 'Urología');
INSERT INTO DOCTOR VALUES (386, '112-J', 'Psiquiatría');
INSERT INTO DOCTOR VALUES (607, '113-K', 'Pediatría');

--Tabla ENFERMO
INSERT INTO ENFERMO VALUES (280862482, 'Provincial', '3A', 'Laguia M', 'Recoletos 50', to_date('23/06/1967'), to_date('21/05/2007'), to_date('26/05/2007'));
INSERT INTO ENFERMO VALUES (284991452, 'La Paz', '4C', 'Serrano V', 'Alcala 12', to_date('21/05/1960'), to_date('20/06/2008'), to_date('24/06/2008'));
INSERT INTO ENFERMO VALUES (160657471, 'San Carlos', '5E', 'Fernandez M', 'Recoletos 50', to_date('23/01/1942'), to_date('10/05/2000'), to_date('16/05/2000'));
INSERT INTO ENFERMO VALUES (380010217. 'San Carlos', '4E', 'Domin S', 'Mayor 71', to_date('18/06/1940'), to_date('12/07/2000'), to_date('15/07/2000'));
INSERT INTO ENFERMO VALUES (440294390, 'Provincial', '2B', 'Neal R', 'Orense 11', to_date('29/02/1952'), to_date('30/08/2001'), to_date('03/09/2001'));
INSERT INTO ENFERMO VALUES (311969044), 'Provincial', '3D', 'Cervantes M', 'Peron 38', to_date('16/09/1945'), to_date('13/05/2000'), to_date('16/05/2000'));
INSERT INTO ENFERMO VALUES (285201776, 'General', '4B', 'Miller G', 'Lopez de Hoyos 2', to_date('26/12/1980'), to_date('12/10/2003'), to_date('15/10/2003'));
INSERT INTO ENFERMO VALUES (154811767, 'General', '5A', 'Ruiz P', ' Esquerdo 103', to_date('10/07/1980'), to_date('20/05/2002'), to_date('25/05/2002'));
INSERT INTO ENFERMO VALUES (321790059, 'San Carlos', '4A', 'Fraser A' 'Soto 3', to_date('05/10/1957'), to_date('14/07/2000'), to_date('18/07/2000'));
INSERT INTO ENFERMO VALUES (100973253, 'Provincial', '3E', 'Benitez E', 'Argentina 5', to_date('13/03/1940'), to_date('22/11/2000'), to_date('27/11/2000'));
