--Tabla HOSPITAL

INSERT INTO HOSPITAL VALUES ("Provincial", "0 Donell 50", "964-4264", 502);
INSERT INTO HOSPITAL VALUES ("General", "Atocha s/n", "595-3111", 987);
INSERT INTO HOSPITAL VALUES ("La Paz", "Castellana 1000", "923-5411", 412);
INSERT INTO HOSPITAL VALUES ("San Carlos", "Ciudad Universitaria", "597-1500", 845);

--Tabla PLANTA
INSERT INTO PLANTA VALUES (1, "Provincial", "Ginecología");
INSERT INTO PLANTA VALUES (2, "Provincial", "Pediatría");
INSERT INTO PLANTA VALUES (3, "Provincial", "Urología");
INSERT INTO PLANTA VALUES (4, "Provincial", "Psiquiatría");
INSERT INTO PLANTA VALUES (1, "General", "Ginecología");
INSERT INTO PLANTA VALUES (2, "General", "Pediatría");
INSERT INTO PLANTA VALUES (3, "General", "Urología");
INSERT INTO PLANTA VALUES (4, "General", "Psiquiatría");
INSERT INTO PLANTA VALUES (1, "La Paz", "Ginecología");
INSERT INTO PLANTA VALUES (2, "La Paz", "Pediatría");
INSERT INTO PLANTA VALUES (3, "La Paz", "Urología");
INSERT INTO PLANTA VALUES (4, "La Paz", "Psiquiatría");
INSERT INTO PLANTA VALUES (1, "San Carlos", "Ginecología");
INSERT INTO PLANTA VALUES (2, "San Carlos", "Pediatría");
INSERT INTO PLANTA VALUES (3, "San Carlos", "Urología");
INSERT INTO PLANTA VALUES (4, "San Carlos", "Psiquiatría");

--Tabla HABITACION
INSERT INTO HABITACION VALUES ("110", "Provincial", 23);
INSERT INTO HABITACION VALUES ("120", "Provincial", 22);
INSERT INTO HABITACION VALUES ("130", "Provincial", 24);
INSERT INTO HABITACION VALUES ("140", "Provincial", 23);
INSERT INTO HABITACION VALUES ("150", "Provincial", 23);
INSERT INTO HABITACION VALUES ("210", "Provincial", 23);
INSERT INTO HABITACION VALUES ("220", "Provincial", 23);
INSERT INTO HABITACION VALUES ("230", "Provincial", 24);
INSERT INTO HABITACION VALUES ("240", "Provincial", 22);
INSERT INTO HABITACION VALUES ("250", "Provincial", 22);
INSERT INTO HABITACION VALUES ("310", "Provincial", 25);
INSERT INTO HABITACION VALUES ("320", "Provincial", 22);
INSERT INTO HABITACION VALUES ("330", "Provincial", 22);
INSERT INTO HABITACION VALUES ("340", "Provincial", 22);
INSERT INTO HABITACION VALUES ("350", "Provincial", 23);
INSERT INTO HABITACION VALUES ("410", "Provincial", 23);
INSERT INTO HABITACION VALUES ("420", "Provincial", 23);
INSERT INTO HABITACION VALUES ("430", "Provincial", 23);
INSERT INTO HABITACION VALUES ("440", "Provincial", 23);
INSERT INTO HABITACION VALUES ("450", "Provincial", 23);
INSERT INTO HABITACION VALUES ("110", "General", 23);
INSERT INTO HABITACION VALUES ("120", "General", 22);
INSERT INTO HABITACION VALUES ("130", "General", 24);
INSERT INTO HABITACION VALUES ("140", "General", 23);
INSERT INTO HABITACION VALUES ("150", "General", 23);
INSERT INTO HABITACION VALUES ("210", "General", 23);
INSERT INTO HABITACION VALUES ("220", "General", 23);
INSERT INTO HABITACION VALUES ("230", "General", 24);
INSERT INTO HABITACION VALUES ("240", "General", 22);
INSERT INTO HABITACION VALUES ("250", "General", 22);
INSERT INTO HABITACION VALUES ("310", "General", 25);
INSERT INTO HABITACION VALUES ("320", "General", 22);
INSERT INTO HABITACION VALUES ("330", "General", 22);
INSERT INTO HABITACION VALUES ("340", "General", 22);
INSERT INTO HABITACION VALUES ("350", "General", 23);
INSERT INTO HABITACION VALUES ("410", "General", 23);
INSERT INTO HABITACION VALUES ("420", "General", 23);
INSERT INTO HABITACION VALUES ("430", "General", 23);
INSERT INTO HABITACION VALUES ("440", "General", 23);
INSERT INTO HABITACION VALUES ("450", "General", 23);
INSERT INTO HABITACION VALUES ("110", "La Paz", 23);
INSERT INTO HABITACION VALUES ("120", "La Paz", 22);
INSERT INTO HABITACION VALUES ("130", "La Paz", 24);
INSERT INTO HABITACION VALUES ("140", "La Paz", 23);
INSERT INTO HABITACION VALUES ("150", "La Paz", 23);
INSERT INTO HABITACION VALUES ("210", "La Paz", 23);
INSERT INTO HABITACION VALUES ("220", "La Paz", 23);
INSERT INTO HABITACION VALUES ("230", "La Paz", 24);
INSERT INTO HABITACION VALUES ("240", "La Paz", 22);
INSERT INTO HABITACION VALUES ("250", "La Paz", 22);
INSERT INTO HABITACION VALUES ("310", "La Paz", 26);
INSERT INTO HABITACION VALUES ("320", "La Paz", 22);
INSERT INTO HABITACION VALUES ("330", "La Paz", 22);
INSERT INTO HABITACION VALUES ("340", "La Paz", 22);
INSERT INTO HABITACION VALUES ("350", "La Paz", 23);
INSERT INTO HABITACION VALUES ("410", "La Paz", 23);
INSERT INTO HABITACION VALUES ("420", "La Paz", 23);
INSERT INTO HABITACION VALUES ("430", "La Paz", 23);
INSERT INTO HABITACION VALUES ("440", "La Paz", 23);
INSERT INTO HABITACION VALUES ("450", "La Paz", 23);
INSERT INTO HABITACION VALUES ("110", "San Carlos", 23);
INSERT INTO HABITACION VALUES ("120", "San Carlos", 22);
INSERT INTO HABITACION VALUES ("130", "San Carlos", 24);
INSERT INTO HABITACION VALUES ("140", "San Carlos", 23);
INSERT INTO HABITACION VALUES ("150", "San Carlos", 23);
INSERT INTO HABITACION VALUES ("210", "San Carlos", 23);
INSERT INTO HABITACION VALUES ("220", "San Carlos", 23);
INSERT INTO HABITACION VALUES ("230", "San Carlos", 24);
INSERT INTO HABITACION VALUES ("240", "San Carlos", 22);
INSERT INTO HABITACION VALUES ("250", "San Carlos", 22);
INSERT INTO HABITACION VALUES ("310", "San Carlos", 26);
INSERT INTO HABITACION VALUES ("320", "San Carlos", 22);
INSERT INTO HABITACION VALUES ("330", "San Carlos", 22);
INSERT INTO HABITACION VALUES ("340", "San Carlos", 22);
INSERT INTO HABITACION VALUES ("350", "San Carlos", 23);
INSERT INTO HABITACION VALUES ("410", "San Carlos", 23);
INSERT INTO HABITACION VALUES ("420", "San Carlos", 23);
INSERT INTO HABITACION VALUES ("430", "San Carlos", 23);
INSERT INTO HABITACION VALUES ("440", "San Carlos", 23);
INSERT INTO HABITACION VALUES ("450", "San Carlos", 23);

--Tabla EMPLEADO
INSERT INTO EMPLEADO VALUES ("111-A", "Provincial", "Doctor", "M", 1400);
INSERT INTO EMPLEADO VALUES ("222-B", "San Carlos", "Doctor", "M", 1400);
INSERT INTO EMPLEADO VALUES ("444-D", "La Paz", "Doctor", "T", 1400);
INSERT INTO EMPLEADO VALUES ("999-I", "La Paz", "Doctor", "T", 1400);
INSERT INTO EMPLEADO VALUES ("666-F", "San Carlos", "Doctor", "M", 1400);
INSERT INTO EMPLEADO VALUES ("112-J", "San Carlos", "Doctor", "N", 1400);
INSERT INTO EMPLEADO VALUES ("113-K", "General", "Doctor", "M", 1400);
INSERT INTO EMPLEADO VALUES ("114-L", "La Paz", "Interno", "M", 1050);
INSERT INTO EMPLEADO VALUES ("777-G", "San Carlos", "Interno", "M", 1050);
INSERT INTO EMPLEADO VALUES ("115-M", "Provincial", "Cirujano", "T", 1500);
INSERT INTO EMPLEADO VALUES ("116-N", "Provincial", "Interno", "M", 1050);
INSERT INTO EMPLEADO VALUES ("333-C", "Provincial", "Cirujano", "N", 1500);
INSERT INTO EMPLEADO (DNI_Empleado,Nombre_Hospital_fk3,Turno,Salario) VALUES ("555-E", "La Paz", "T", 1200);
INSERT INTO EMPLEADO (DNI_Empleado,Nombre_Hospital_fk3,Turno,Salario) VALUES ("888-H", "San Carlos", "N", 1200);
INSERT INTO EMPLEADO (DNI_Empleado,Nombre_Hospital_fk3,Turno,Salario) VALUES ("117-O", "La Paz", "M", 1200);
INSERT INTO EMPLEADO (DNI_Empleado,Nombre_Hospital_fk3,Turno,Salario) VALUES ("118-P", "General", "N", 1200);

--Tabla DOCTOR
INSERT INTO DOCTOR VALUES (435, "111-A", "Cardiología");
INSERT INTO DOCTOR VALUES (585, "222-B", "Ginecología");
INSERT INTO DOCTOR VALUES (982, "444-D", "Cardiología");
INSERT INTO DOCTOR VALUES (453, "999-I", "Pediatría");
INSERT INTO DOCTOR VALUES (398, "666-F", "Urología");
INSERT INTO DOCTOR VALUES (386, "112-J", "Psiquiatría");
INSERT INTO DOCTOR VALUES (607, "113-K", "Pediatría");

--Tabla ENFERMO
INSERT INTO ENFERMO VALUES (280862482, "Provincial", "310", 435 ,"Recoletos 50", "1967-06-23", "2007-05-21", "Miguel Sanchez");
INSERT INTO ENFERMO VALUES (284991452, "La Paz", "430", 982, "Alcala 12", "1960-05-21", "2008-06-20", "Marina Suarez");
INSERT INTO ENFERMO VALUES (160657471, "San Carlos", "450", 398, "Recoletos 50", "1942-01-23", "2000-05-10", "Angela Jimenez");
INSERT INTO ENFERMO VALUES (380010217, "San Carlos", "440", 386, "Mayor 71", "1940-06-18", "2000-07-12", "Angel Fernandez");
INSERT INTO ENFERMO VALUES (440294390, "Provincial", "210", 435, "Orense 11", "1952-02-29", "2001-08-30", "Oscar Perez");
INSERT INTO ENFERMO VALUES (311969044, "Provincial", "330", 435, "Peron 38", "1945-09-16", "2000-05-13", "Alfonso Diaz");
INSERT INTO ENFERMO VALUES (285201776, "General", "420", 607, "Lopez de Hoyos 2", "1980-12-26", "2003-10-12", "Miriam Holgado");
INSERT INTO ENFERMO VALUES (154811767, "General", "410", 607, " Esquerdo 103", "1980-07-10", "2002-05-20", "Maria Quintano");
INSERT INTO ENFERMO VALUES (321790059, "San Carlos", "320", 398, "Soto 3", "1957-10-05", "2000-07-14", "Jesus Ramirez");
INSERT INTO ENFERMO VALUES (100973253, "Provincial", "350", 435, "Argentina 5", "1940-03-13", "2000-11-22", "Jose Martinez");
